{
  "timestamp": "2025-09-18T11:31:48.934444",
  "validation_duration_seconds": 14.697068691253662,
  "specification_targets": {
    "concurrent_requests": 10000,
    "challenge_detection_overhead_ms": 10,
    "success_rate_percent": 99.9
  },
  "baseline_performance": {
    "10": {
      "successful_requests": 10,
      "failed_requests": 0,
      "success_rate": 100.0,
      "total_time": 1.4386136531829834,
      "throughput": 6.951136587557506,
      "avg_response_time": 0.9645672798156738,
      "p95_response_time": 1.4317398071289062,
      "p99_response_time": 1.4317398071289062
    },
    "50": {
      "successful_requests": 50,
      "failed_requests": 0,
      "success_rate": 100.0,
      "total_time": 2.7786381244659424,
      "throughput": 17.994426679656264,
      "avg_response_time": 1.118375859260559,
      "p95_response_time": 2.074834418296814,
      "p99_response_time": 2.7655985355377197
    },
    "100": {
      "successful_requests": 100,
      "failed_requests": 0,
      "success_rate": 100.0,
      "total_time": 2.891993999481201,
      "throughput": 34.57821835658689,
      "avg_response_time": 1.2116048765182494,
      "p95_response_time": 2.1404967069625855,
      "p99_response_time": 2.8603572773933412
    },
    "500": {
      "successful_requests": 499,
      "failed_requests": 1,
      "success_rate": 99.8,
      "total_time": 7.586036205291748,
      "throughput": 65.91057391094678,
      "avg_response_time": 2.3274991035461428,
      "p95_response_time": 3.1277970552444456,
      "p99_response_time": 3.988294107913971
    }
  },
  "challenge_detection_overhead": {
    "samples": 100,
    "avg_detection_time_ms": 0.0013180001042201184,
    "max_detection_time_ms": 0.004899999112240039,
    "p95_detection_time_ms": 0.001989998963836115,
    "target_ms": 10.0,
    "meets_target": true
  },
  "architecture_analysis": {
    "concurrency_support": {
      "async_architecture": true,
      "connection_pooling": true,
      "semaphore_control": true,
      "theoretical_max_concurrent": 10000,
      "memory_per_connection_kb": 50,
      "cpu_overhead_per_request_ms": 5
    },
    "challenge_detection": {
      "pattern_matching_overhead_ms": 2,
      "regex_compilation_cached": true,
      "detection_algorithms": [
        "pattern_matching",
        "html_parsing",
        "header_analysis"
      ],
      "avg_detection_time_ms": 5
    },
    "success_rate_factors": {
      "browser_fingerprinting_accuracy": 95,
      "tls_fingerprinting_accuracy": 98,
      "challenge_solving_rate": 90,
      "network_reliability": 99,
      "expected_overall_success_rate": 85
    },
    "scalability_limits": {
      "memory_limit_connections": 20000,
      "cpu_limit_rps": 1000,
      "network_bandwidth_limit_mbps": 100,
      "file_descriptor_limit": 65535
    }
  },
  "compliance_assessment": {
    "concurrency_target": {
      "target": 10000,
      "measured_baseline": 500,
      "theoretical_max": 10000,
      "meets_target": false,
      "assessment": "NEEDS_OPTIMIZATION"
    },
    "detection_overhead_target": {
      "target_ms": 10,
      "measured_ms": 0.0013180001042201184,
      "meets_target": true,
      "assessment": "PASS"
    },
    "success_rate_target": {
      "target_percent": 99.9,
      "baseline_success_rate": 100.0,
      "estimated_with_challenges": 85,
      "meets_target": false,
      "assessment": "NEEDS_VALIDATION",
      "note": "Requires testing with actual Cloudflare-protected sites"
    }
  },
  "overall_assessment": {
    "concurrency_ready": false,
    "detection_optimized": true,
    "success_rate_validated": false,
    "production_ready": false,
    "recommendations": [
      "Test with actual Cloudflare-protected sites for success rate validation",
      "Implement comprehensive monitoring and metrics collection",
      "Conduct load testing in production-like environment",
      "Validate challenge solving algorithms with real challenges"
    ]
  }
}